keyword,rank,search_volume,cpc_aud,competition,etv,landing_url,previous_rank,change
functional patterns brisbane,1,880,0.7,0.05,267.52,/,3,0
posture workout,2,1000,0.47,0.13,162,/blog-page/posture-workouts-that-actually-work-a-complete-guide,,NEW
tensor fasciae latae muscle,9,6600,,0,99,/blog-page/why-is-my-tensor-fascia-lata-tfl-always-tight,10,-4
hyperextended knee,6,2400,0.02,0.01,81.12,/blog-page/exercises-for-hyperextended-knees-a-guide-to-strength,14,+3
hyperextension of the knee,6,2400,0.02,0.01,81.12,/blog-page/exercises-for-hyperextended-knees-a-guide-to-strength,58,+48
tensor fascia lata,8,3600,,0,70.92,/blog-page/why-is-my-tensor-fascia-lata-tfl-always-tight,12,+2
functional patterns,5,1300,2.28,0.03,60.97,/,,NEW
transverse abdominis,8,2900,,0,57.13,/blog-page/the-transverse-abdominis-tva-vs-the-superficial-abs-6-pack-why-its-crucial-to-know-the-difference,,NEW
transverse muscle,8,2900,,0,57.13,/blog-page/the-transverse-abdominis-tva-vs-the-superficial-abs-6-pack-why-its-crucial-to-know-the-difference,,NEW
hunchback kyphosis,13,8100,0.05,0,47.79,/blog-page/do-kyphosis-hunch-back-posture-correctors-really-work,,NEW
scapulars wings,8,2400,,0,47.28,/blog-page/why-your-scapulars-stick-out-winged-scapulars-the-thoracic-spine,,NEW
rounded shoulders,5,1000,0.41,0.09,46.9,/blog-page/why-your-rounded-shoulders-keep-coming-back-and-what-to-do-instead,17,+7
exercises neck hump,3,480,1.54,0.42,46.704,/blog-page/how-to-fix-neck-humps-a-biomechanical-approach,,NEW
how to heal bulging disc naturally,3,480,2.1,0.11,46.704,/blog-page/how-to-heal-a-bulging-disc-naturally,4,-1
natural hyperextended knee,1,140,,0,42.56,/blog-page/exercises-for-hyperextended-knees-a-guide-to-strength,4,+1
naturally hyperextended knee,1,140,,0,42.56,/blog-page/exercises-for-hyperextended-knees-a-guide-to-strength,2,0
naturally hyperextended knees,1,140,,0,42.56,/blog-page/exercises-for-hyperextended-knees-a-guide-to-strength,2,0
how to fix shoulder blade winging,2,260,1.04,0,42.12,/blog-page/how-to-fix-scapular-winging-typical-exercises-dont-work,7,+3
how to fix winging shoulder blades,2,260,1.04,0,42.12,/blog-page/how-to-fix-scapular-winging-typical-exercises-dont-work,7,+1
discomfort lower back left side,7,1600,1.8,0.03,40.96,/blog-page/lower-back-ache-left-side-in-brisbane-causes-amp-when-its-mechanical,,NEW
tensor fasciae latae,13,6600,,0,38.94,/blog-page/why-is-my-tensor-fascia-lata-tfl-always-tight,20,0
buffalo hump vs dowager's hump,2,210,,0,34.02,/blog-page/buffalo-hump-vs-dowagers-hump-whats-the-difference,,NEW
posture workouts,6,1000,0.47,0.13,33.8,/blog-page/posture-workouts-that-actually-work-a-complete-guide,14,+4
tensor latae fasciae pain,5,720,1.23,0.01,33.768,/blog-page/why-is-my-tensor-fascia-lata-tfl-always-tight,39,+29
how to heal a bulging disc naturally,4,480,2.1,0.11,31.632,/blog-page/how-to-heal-a-bulging-disc-naturally,4,-4
neck hump exercises,4,480,1.54,0.42,31.632,/blog-page/how-to-get-rid-of-a-neck-hump,10,0
exercises for posture correction,6,880,0.43,0.2,29.744,/blog-page/posture-workouts-that-actually-work-a-complete-guide,,NEW
how to fix neck hump,5,590,0.79,0.61,27.671,/blog-page/how-to-fix-neck-humps-a-biomechanical-approach,,NEW
functional patterns debunked,1,90,,0,27.36,/blog-page/debunkingfunctionalpatterns,2,0
hyperextended knee exercises,1,90,,0.02,27.36,/blog-page/exercises-for-hyperextended-knees-a-guide-to-strength,3,+1
hyperextension knee exercise,1,90,,0.02,27.36,/blog-page/exercises-for-hyperextended-knees-a-guide-to-strength,3,0
hyperextension knee exercises,1,90,,0.02,27.36,/blog-page/exercises-for-hyperextended-knees-a-guide-to-strength,4,+2
winged shoulder blades,10,2400,,0,27.12,/correct-winged-scapulas,,NEW
how to fix rounded shoulders,4,390,2.52,0.18,25.701,/blog-page/why-your-rounded-shoulders-keep-coming-back-and-what-to-do-instead,12,+4
fascia blaster,7,1000,0.66,1,25.6,/blog-page/why-i-stopped-fascia-blasting-amp-fascia-stretching,2,-8
exercises kyphosis,3,260,0.19,0.03,25.298,/blog-page/how-to-fix-a-kyphosis-and-lordosis-naturally,8,+2
how to fix scapular winging,3,260,1.04,0,25.298,/blog-page/how-to-fix-scapular-winging-typical-exercises-dont-work,7,0
how to fix winged scapula,3,260,1.04,0,25.298,/blog-page/how-to-fix-scapular-winging-typical-exercises-dont-work,7,+1
how to fix winging scapula,3,260,1.04,0,25.298,/blog-page/how-to-fix-scapular-winging-typical-exercises-dont-work,7,0
kyphosis workout,3,260,0.19,0.03,25.298,/blog-page/how-to-fix-a-kyphosis-and-lordosis-naturally,14,+7
rounded shoulders workout,3,260,0.02,0.03,25.298,/blog-page/why-your-rounded-shoulders-keep-coming-back-and-what-to-do-instead,15,+10
how to get rid of neck hump,6,720,1.41,0.58,24.336,/blog-page/how-to-fix-neck-humps-a-biomechanical-approach,,NEW
tensor fasciae latae muscle pain,6,720,1.23,0.01,24.336,/blog-page/why-is-my-tensor-fascia-lata-tfl-always-tight,18,+7
subscapularis,17,5400,,0,23.22,/blog-page/subscapularis-tendinosis-the-actual-cause-and-solution,29,+6
hip flexors hurt after running,2,140,,0.03,22.68,/blog-page/stop-hip-flexor-soreness-after-running-in-3-steps,7,+3
hip flexors sore after running,2,140,,0.03,22.68,/blog-page/stop-hip-flexor-soreness-after-running-in-3-steps,6,+3
hyperextended knee natural,2,140,,0,22.68,/blog-page/exercises-for-hyperextended-knees-a-guide-to-strength,4,-1
sore hip flexor after running,2,140,,0.03,22.68,/blog-page/stop-hip-flexor-soreness-after-running-in-3-steps,7,+3
sore hip flexors after running,2,140,,0.03,22.68,/blog-page/stop-hip-flexor-soreness-after-running-in-3-steps,7,+3
improve posture workout,7,880,0.43,0.2,22.528,/blog-page/posture-workouts-that-actually-work-a-complete-guide,,NEW
hunchback back,15,4400,0.45,0.01,22.44,/hunchback-posture,,NEW
dehydrated fascia,1,70,,0,21.28,/blog-page/fascia-and-biomechanics-a-neuro-endocrine-organ,,NEW
superficial back line,1,70,,0,21.28,/blog-page/the-superficial-back-line,3,+1
how to fix hunch neck,6,590,0.79,0.61,19.942,/blog-page/how-to-fix-neck-humps-a-biomechanical-approach,,NEW
buffalo hump,8,1000,5.75,0,19.7,/blog-page/buffalo-hump-vs-dowagers-hump-whats-the-difference,,NEW
sore tensor fasciae latae,7,720,1.23,0.01,18.432,/blog-page/why-is-my-tensor-fascia-lata-tfl-always-tight,20,+8
dowager hump exercises,5,390,1.36,0.17,18.291,/blog-page/how-to-fix-neck-humps-a-biomechanical-approach,,NEW
winging scapular,12,2400,,0,18,/blog-page/how-to-fix-scapular-winging-typical-exercises-dont-work,17,-1
best posture workout,4,260,0.77,0.24,17.134,/blog-page/posture-workouts-that-actually-work-a-complete-guide,5,-3
exercises for rounded shoulders,4,260,0.02,0.03,17.134,/blog-page/why-your-rounded-shoulders-keep-coming-back-and-what-to-do-instead,19,+11
kyphosis exercises,4,260,0.19,0.03,17.134,/blog-page/how-to-fix-a-kyphosis-and-lordosis-naturally,10,+1
double jointed shoulder,3,170,,0,16.541,/blog-page/understanding-double-jointed-shoulders-and-chronic-pain,8,+3
double-jointed shoulder,3,170,,0,16.541,/blog-page/understanding-double-jointed-shoulders-and-chronic-pain,8,+3
why i stopped fascia blasting,1,50,,0,15.2,/blog-page/why-i-stopped-fascia-blasting-amp-fascia-stretching,2,0
how to fix a hunched neck,7,590,0.79,0.61,15.104,/blog-page/how-to-fix-neck-humps-a-biomechanical-approach,,NEW
functional training near me,5,320,2.83,0.5,15.008,/,52,+43
gyms woolloongabba,5,320,2.23,0.7,15.008,/blog-page/why-functional-patterns-is-the-best-gym-in-east-brisbane,15,+7
transverse abs,15,2900,,0,14.79,/blog-page/the-transverse-abdominis-tva-vs-the-superficial-abs-6-pack-why-its-crucial-to-know-the-difference,12,-8
exercises for knee hyperextension,2,90,,0.02,14.58,/blog-page/exercises-for-hyperextended-knees-a-guide-to-strength,2,-1
knee hyperextension exercises,2,90,,0.02,14.58,/blog-page/exercises-for-hyperextended-knees-a-guide-to-strength,4,+1
neck hump before and after,2,90,,0.02,14.58,/blog-page/how-to-fix-neck-humps-a-biomechanical-approach,12,+6
tensor fascia lata tightness,2,90,,0,14.58,/blog-page/why-is-my-tensor-fascia-lata-tfl-always-tight,5,+1
tfl tightness,2,90,,0,14.58,/blog-page/why-is-my-tensor-fascia-lata-tfl-always-tight,3,0
tight tensor fascia lata,2,90,,0,14.58,/blog-page/why-is-my-tensor-fascia-lata-tfl-always-tight,2,-3
functional patterns melbourne,8,720,2.17,0.07,14.184,/,13,+3
fascia lata muscle,23,6600,,0,13.86,/blog-page/why-is-my-tensor-fascia-lata-tfl-always-tight,18,-11
glutes activation,4,210,0.07,0.04,13.839,/blog-page/the-key-to-achieving-maximum-glute-activation,8,0
how to get rid of neck hump fast,4,210,0.77,0.95,13.839,/blog-page/how-to-fix-neck-humps-a-biomechanical-approach,,NEW
running with hip flexor pain,3,140,1.91,0.02,13.622,/blog-page/stop-hip-flexor-soreness-after-running-in-3-steps,12,+8
scapula winging,14,2400,,0,13.44,/blog-page/how-to-fix-scapular-winging-typical-exercises-dont-work,18,-2
winging of scapula,14,2400,,0,13.44,/blog-page/how-to-fix-scapular-winging-typical-exercises-dont-work,17,-2
winging of scapular,14,2400,,0,13.44,/blog-page/how-to-fix-scapular-winging-typical-exercises-dont-work,20,+2
exercises for piriformis syndrome,9,880,0.33,0.04,13.2,/blog-page/piriformis-syndrome-exercises-that-actually-work,,NEW
dowager's hump exercise,6,390,1.36,0.17,13.182,/blog-page/how-to-get-rid-of-a-neck-hump,15,+3
how to relieve upper back pain fast,6,390,1.78,0.24,13.182,/blog-page/how-to-relieve-upper-back-pain-fast-without-stretching,7,-3
subscapularis muscle,21,5400,,0,12.42,/blog-page/subscapularis-tendinosis-the-actual-cause-and-solution,,NEW
knee hyperextension,15,2400,0.02,0.01,12.24,/blog-page/exercises-for-hyperextended-knees-a-guide-to-strength,8,-12
coning,5,260,,0,12.194,/diastasis-recti-coning,10,+3
exercises for kyphosis,5,260,0.19,0.03,12.194,/blog-page/how-to-fix-a-kyphosis-and-lordosis-naturally,10,0
exercises good posture,5,260,0.77,0.24,12.194,/blog-page/posture-workouts-that-actually-work-a-complete-guide,,NEW
dowager's hump,12,1600,2.21,0.05,12,/blog-page/buffalo-hump-vs-dowagers-hump-whats-the-difference,,NEW
glute max activation exercises,8,590,0.35,0.03,11.623,/blog-page/the-key-to-achieving-maximum-glute-activation,31,+20
shoulder back,2,70,1.32,0.72,11.34,/blog-page/does-pulling-your-shoulder-back-make-your-posture-better-or-worse,5,0
subscapularis muscles,25,5400,,0,11.34,/blog-page/subscapularis-tendinosis-the-actual-cause-and-solution,,NEW
double jointed shoulders,4,170,,0,11.203,/blog-page/understanding-double-jointed-shoulders-and-chronic-pain,10,+3
dowager's hump before and after,4,170,,0.02,11.203,/blog-page/how-to-fix-neck-humps-a-biomechanical-approach,10,+2
tva muscle,4,170,,0,11.203,/blog-page/the-transverse-abdominis-tva-vs-the-superficial-abs-6-pack-why-its-crucial-to-know-the-difference,6,-1
exercises for winged scapula,6,320,,0.01,10.816,/correct-winged-scapulas,,NEW
back line,3,110,0.35,0.07,10.703,/blog-page/the-superficial-back-line,12,+5
fix rounded shoulders,3,110,1.28,0.57,10.703,/blog-page/why-your-rounded-shoulders-keep-coming-back-and-what-to-do-instead,12,+4
winging shoulder blade,17,2400,,0,10.32,/blog-page/how-to-fix-scapular-winging-typical-exercises-dont-work,49,+26
exercises dowager's hump,7,390,1.36,0.17,9.984,/blog-page/how-to-get-rid-of-a-neck-hump,10,-1
sore lower back from walking,7,390,1.9,0.03,9.984,/blog-page/read-this-if-your-lower-back-hurts-when-walking-or-standing,,NEW
walking hurts lower back,7,390,1.9,0.03,9.984,/blog-page/read-this-if-your-lower-back-hurts-when-walking-or-standing,19,+8
exercises lordosis,5,210,,0.01,9.849,/blog-page/how-to-fix-a-kyphosis-and-lordosis-naturally,37,+30
hump on back of neck,8,480,1.31,0.04,9.456,/blog-page/how-to-fix-neck-humps-a-biomechanical-approach,21,+7
exercises for hypermobile joints,4,140,,0.01,9.226,/blog-page/what-are-hypermobile-joints-hypermobility-exercises-to-help,6,+1
hip flexor pain running,4,140,1.91,0.02,9.226,/blog-page/stop-hip-flexor-soreness-after-running-in-3-steps,9,+2
how to fix lordosis,4,140,,0.05,9.226,/blog-page/how-to-fix-a-kyphosis-and-lordosis-naturally,10,+2
running pain hip flexor,4,140,1.91,0.02,9.226,/blog-page/stop-hip-flexor-soreness-after-running-in-3-steps,8,+1
best posture exercises,6,260,0.77,0.24,8.788,/blog-page/posture-workouts-that-actually-work-a-complete-guide,,NEW
fascia blaster australia,3,90,0.56,1,8.757,/blog-page/why-i-stopped-fascia-blasting-amp-fascia-stretching,6,+1
fascia blasting australia,3,90,0.56,1,8.757,/blog-page/why-i-stopped-fascia-blasting-amp-fascia-stretching,3,-1
tight tfl,3,90,,0,8.757,/blog-page/why-is-my-tensor-fascia-lata-tfl-always-tight,2,-4
shoulder blade winging exercises,7,320,,0.01,8.192,/blog-page/how-to-fix-scapular-winging-typical-exercises-dont-work,20,+8
how to fix hyperextended knee,2,50,,0.07,8.1,/blog-page/exercises-for-hyperextended-knees-a-guide-to-strength,6,0
how to fix hyperextended knees,2,50,,0.07,8.1,/blog-page/exercises-for-hyperextended-knees-a-guide-to-strength,4,0
how to fix knee hyperextension,2,50,,0.07,8.1,/blog-page/exercises-for-hyperextended-knees-a-guide-to-strength,6,+1
kyphosis lordosis posture,2,50,,0,8.1,/blog-page/how-to-fix-a-kyphosis-and-lordosis-naturally,19,+15
severe rounded shoulders,2,50,,0,8.1,/blog-page/why-your-rounded-shoulders-keep-coming-back-and-what-to-do-instead,5,0
double jointed in shoulder,5,170,,0,7.973,/blog-page/understanding-double-jointed-shoulders-and-chronic-pain,8,-1
winging scapula,18,2400,,0,7.92,/blog-page/how-to-fix-scapular-winging-typical-exercises-dont-work,22,-2
why do my shoulder blades stick out,4,110,,0,7.249,/blog-page/how-to-fix-scapular-winging-typical-exercises-dont-work,,NEW
activate glute,6,210,0.07,0.04,7.098,/blog-page/the-key-to-achieving-maximum-glute-activation,8,-3
back brace for hunchback,6,210,0.84,1,7.098,/blog-page/do-kyphosis-hunch-back-posture-correctors-really-work,16,+8
buffalo hump on neck,6,210,,0.01,7.098,/blog-page/buffalo-hump-vs-dowagers-hump-whats-the-difference,,NEW
lordosis exercises,6,210,,0.01,7.098,/blog-page/how-to-fix-a-kyphosis-and-lordosis-naturally,11,+1
best workouts for better posture,3,70,1.67,0.2,6.811,/blog-page/posture-workouts-that-actually-work-a-complete-guide,,NEW
scapular winging fix,3,70,,0.01,6.811,/blog-page/how-to-fix-scapular-winging-typical-exercises-dont-work,6,0
shoulders back,3,70,1.32,0.72,6.811,/blog-page/does-pulling-your-shoulder-back-make-your-posture-better-or-worse,8,0
winged scapula fix,3,70,,0.01,6.811,/blog-page/how-to-fix-scapular-winging-typical-exercises-dont-work,7,0
winging scapula fix,3,70,,0.01,6.811,/blog-page/how-to-fix-scapular-winging-typical-exercises-dont-work,7,-1
rounded shoulder exercises,7,260,0.02,0.03,6.656,/blog-page/why-your-rounded-shoulders-keep-coming-back-and-what-to-do-instead,25,+13
hunchback posture,5,140,,0.27,6.566,/hunchback-posture,,NEW
hunched back posture,5,140,,0.27,6.566,/blog-page/do-kyphosis-hunch-back-posture-correctors-really-work,15,+5
hypermobile joints exercises,5,140,,0.01,6.566,/blog-page/what-are-hypermobile-joints-hypermobility-exercises-to-help,8,-1
over extension knee,5,140,,0.01,6.566,/blog-page/exercises-for-hyperextended-knees-a-guide-to-strength,9,-1
rounded shoulders exercises,5,140,,0.01,6.566,/blog-page/why-your-rounded-shoulders-keep-coming-back-and-what-to-do-instead,15,+5
tech neck hump,5,140,0.81,0.57,6.566,/blog-page/how-to-get-rid-of-a-neck-hump,,NEW
exercises for scapular winging,8,320,,0.01,6.304,/blog-page/how-to-fix-scapular-winging-typical-exercises-dont-work,12,-1
scapular winging exercises,8,320,,0.01,6.304,/blog-page/how-to-fix-scapular-winging-typical-exercises-dont-work,11,-1
winged scapula exercises,8,320,,0.01,6.304,/blog-page/how-to-fix-scapular-winging-typical-exercises-dont-work,14,0
ta muscle,47,2900,,0,6.09,/blog-page/the-transverse-abdominis-tva-vs-the-superficial-abs-6-pack-why-its-crucial-to-know-the-difference,78,+20
fascia blaster tool,4,90,0.68,1,5.931,/blog-page/why-i-stopped-fascia-blasting-amp-fascia-stretching,6,0
fascia blasting tools,4,90,0.68,1,5.931,/blog-page/why-i-stopped-fascia-blasting-amp-fascia-stretching,4,-1
do posture correctors work,10,480,1.29,0.79,5.424,/blog-page/do-kyphosis-hunch-back-posture-correctors-really-work,43,+29
tensor fasciae latae pain,12,720,1.23,0.01,5.4,/blog-page/why-is-my-tensor-fascia-lata-tfl-always-tight,12,-6
buffalo hump neck,7,210,,0.01,5.376,/blog-page/buffalo-hump-vs-dowagers-hump-whats-the-difference,,NEW
buffalo neck hump,7,210,,0.01,5.376,/blog-page/buffalo-hump-vs-dowagers-hump-whats-the-difference,,NEW
kyphosis lordosis,7,210,,0,5.376,/blog-page/how-to-fix-a-kyphosis-and-lordosis-naturally,11,+1
running gait analysis,7,210,3.36,0.14,5.376,/blog-page/running-gait-analysis-in-brisbane-get-to-the-root-of-your-injuries-and-inefficiencies,68,+57
get rid neck hump,5,110,0.62,0.89,5.159,/blog-page/how-to-get-rid-of-a-neck-hump,9,0
hypermobility shoulders,8,260,,0,5.122,/blog-page/understanding-double-jointed-shoulders-and-chronic-pain,14,+2
round shoulder exercises,8,260,0.02,0.03,5.122,/blog-page/why-your-rounded-shoulders-keep-coming-back-and-what-to-do-instead,28,+14
subscapularis muscle pain,8,260,,0.01,5.122,/blog-page/subscapularis-tendinosis-the-actual-cause-and-solution,15,+1
aching hip flexors,45,2400,1.15,0.04,5.04,/blog-page/stop-hip-flexor-soreness-after-running-in-3-steps,,NEW
hyperextension knee,44,2400,0.02,0.01,5.04,/blog-page/exercises-for-hyperextended-knees-a-guide-to-strength,14,-40
shoulder blade winging,23,2400,,0,5.04,/blog-page/how-to-fix-scapular-winging-typical-exercises-dont-work,44,+13
winged scapula,27,2400,,0,5.04,/blog-page/how-to-fix-scapular-winging-typical-exercises-dont-work,36,+2
scapular winging,14,880,,0,4.928,/blog-page/how-to-fix-scapular-winging-typical-exercises-dont-work,11,-7
how to fix a hyperextended knee,3,50,,0.07,4.865,/blog-page/exercises-for-hyperextended-knees-a-guide-to-strength,4,-2
kyphotic lordotic posture,3,50,,0,4.865,/blog-page/how-to-fix-a-kyphosis-and-lordosis-naturally,10,+5
lordosis fix,3,50,,0.06,4.865,/blog-page/how-to-fix-a-kyphosis-and-lordosis-naturally,11,+3
thoracic kyphosis exercises,3,50,,0,4.865,/blog-page/how-to-fix-a-kyphosis-and-lordosis-naturally,,NEW
exercises for winging scapula,9,320,,0.01,4.8,/blog-page/how-to-fix-scapular-winging-typical-exercises-dont-work,15,+1
how to fix kyphosis,6,140,,0.6,4.732,/blog-page/how-to-fix-a-kyphosis-and-lordosis-naturally,10,0
joint hypermobility exercises,6,140,,0.01,4.732,/blog-page/what-are-hypermobile-joints-hypermobility-exercises-to-help,18,+10
bad posture workout,4,70,0.64,0.32,4.613,/blog-page/posture-workouts-that-actually-work-a-complete-guide,,NEW
hip flexor pain after running,4,70,,0.02,4.613,/blog-page/stop-hip-flexor-soreness-after-running-in-3-steps,6,-1
how to fix neck hump in a week,4,70,1.91,0.99,4.613,/blog-page/how-to-fix-neck-humps-a-biomechanical-approach,,NEW
how to sleep to fix rounded shoulders,4,70,0.31,0.28,4.613,/blog-page/why-your-rounded-shoulders-keep-coming-back-and-what-to-do-instead,8,0
neck hump,19,1600,2.93,0.17,4.32,/blog-page/how-to-get-rid-of-a-neck-hump,9,-17
hips sore after running,16,1000,0.57,0.05,4.3,/blog-page/stop-hip-flexor-soreness-after-running-in-3-steps,18,-1
posture improving exercises,5,90,0.67,0.19,4.221,/blog-page/posture-workouts-that-actually-work-a-complete-guide,,NEW
buffalo hump in neck,8,210,,0.01,4.137,/blog-page/buffalo-hump-vs-dowagers-hump-whats-the-difference,,NEW
exercises for hunched shoulders,9,260,0.02,0.03,3.9,/blog-page/why-your-rounded-shoulders-keep-coming-back-and-what-to-do-instead,40,+26
how to correct rounded shoulders,3,40,1.51,0.3,3.892,/blog-page/why-your-rounded-shoulders-keep-coming-back-and-what-to-do-instead,17,+9
tight tfl muscle symptoms,3,40,,0,3.892,/blog-page/why-is-my-tensor-fascia-lata-tfl-always-tight,4,-1
tight tfl symptoms,3,40,,0,3.892,/blog-page/why-is-my-tensor-fascia-lata-tfl-always-tight,9,+4
fix neck hump,6,110,1.14,1,3.718,/blog-page/how-to-fix-neck-humps-a-biomechanical-approach,12,+1
fix posture exercises,6,110,0.28,0.88,3.718,/blog-page/posture-workouts-that-actually-work-a-complete-guide,,NEW
get rid of neck hump,6,110,0.62,0.89,3.718,/blog-page/how-to-fix-neck-humps-a-biomechanical-approach,,NEW
hunched shoulders,6,110,0.58,0,3.718,/blog-page/why-your-rounded-shoulders-keep-coming-back-and-what-to-do-instead,8,-2
superficial back muscles,6,110,,0,3.718,/blog-page/the-superficial-back-line,19,+9
hip flexor pain when running,7,140,1.91,0.02,3.584,/blog-page/stop-hip-flexor-soreness-after-running-in-3-steps,9,-2
hypermobility syndrome exercises,7,140,,0.01,3.584,/blog-page/what-are-hypermobile-joints-hypermobility-exercises-to-help,20,+10
tva exercises,7,140,,0,3.584,/blog-page/the-transverse-abdominis-tva-vs-the-superficial-abs-6-pack-why-its-crucial-to-know-the-difference,11,0
lower back hurts when walking,11,390,1.9,0.03,3.549,/blog-page/read-this-if-your-lower-back-hurts-when-walking-or-standing,20,+4
dowager hump,31,1600,2.21,0.05,3.36,/blog-page/how-to-get-rid-of-a-neck-hump,,NEW
sore hips after running,18,1000,0.57,0.05,3.3,/blog-page/stop-hip-flexor-soreness-after-running-in-3-steps,20,-2
rounded shoulders before and after,4,50,,0,3.295,/blog-page/why-your-rounded-shoulders-keep-coming-back-and-what-to-do-instead,8,0
shoulder hypermobility vs normal,4,50,,0,3.295,/blog-page/understanding-double-jointed-shoulders-and-chronic-pain,38,+30
shoulder posture,4,50,0.36,0.86,3.295,/blog-page/does-pulling-your-shoulder-back-make-your-posture-better-or-worse,9,+1
how to get rid of dowager's hump,5,70,0.78,0.45,3.283,/blog-page/how-to-get-rid-of-a-neck-hump,10,+1
how to get rid of hump on back of neck,5,70,1.08,0.57,3.283,/blog-page/how-to-fix-neck-humps-a-biomechanical-approach,,NEW
shoulders rolled forward,5,70,,0.01,3.283,/blog-page/why-your-rounded-shoulders-keep-coming-back-and-what-to-do-instead,6,-5
kyphotic and lordotic,9,210,,0,3.15,/blog-page/how-to-fix-a-kyphosis-and-lordosis-naturally,28,+14
hyperextended legs,6,90,,0,3.042,/blog-page/exercises-for-hyperextended-knees-a-guide-to-strength,14,+5
hypermobility shoulder,10,260,,0,2.938,/blog-page/understanding-double-jointed-shoulders-and-chronic-pain,45,+30
shoulder hypermobility,10,260,,0,2.938,/blog-page/understanding-double-jointed-shoulders-and-chronic-pain,29,+14
bulging disc treatment in lower back,12,390,1.66,0.27,2.925,/blog-page/how-to-heal-a-bulging-disc-naturally,,NEW
how to repair a bulged disc,12,390,2.05,0.09,2.925,/blog-page/how-to-heal-a-bulging-disc-naturally,35,+17
fixing posture exercises,7,110,0.28,0.88,2.816,/blog-page/posture-workouts-that-actually-work-a-complete-guide,,NEW
hypermobility cracking joints,7,110,,0.04,2.816,/blog-page/what-are-hypermobile-joints-hypermobility-exercises-to-help,14,+4
round shoulder,7,110,,0.01,2.816,/blog-page/why-your-rounded-shoulders-keep-coming-back-and-what-to-do-instead,14,+3
how to cure scoliosis,8,140,0.41,0.05,2.758,/blog-page/can-you-naturally-straighten-scoliosis,16,+4
lordosis posture,8,140,,0,2.758,/blog-page/how-to-fix-a-kyphosis-and-lordosis-naturally,16,+6
one shoulder higher than other,8,140,,0,2.758,/blog-page/uneven-shoulders-why-its-rarely-a-shoulder-problem,,NEW
pain in left shoulder blade,32,1300,1.51,0.03,2.73,/blog-page/how-to-stop-pain-beneath-shoulder-blade,,NEW
foundations training,14,480,,0,2.688,/fp-human-foundations-course,36,+17
hunchback posture corrector,4,40,1.21,1,2.636,/blog-page/do-kyphosis-hunch-back-posture-correctors-really-work,7,+1
plumb line posture,4,40,,0,2.636,/blog-page/the-top-assessment-tool-for-chronic-pain-amp-posture-correction-a-comprehensive-guide,45,+37
gym woolloongabba,12,320,2.23,0.7,2.4,/blog-page/why-functional-patterns-is-the-best-gym-in-east-brisbane,,NEW
winging of scapula exercises,12,320,,0.01,2.4,/blog-page/how-to-fix-scapular-winging-typical-exercises-dont-work,10,-6
woolloongabba gym,12,320,2.23,0.7,2.4,/blog-page/why-functional-patterns-is-the-best-gym-in-east-brisbane,12,-6
coning in pregnancy,10,210,,0,2.373,/diastasis-recti-coning,38,+24
coning pregnancy,10,210,,0,2.373,/diastasis-recti-coning,17,+2
neck buffalo hump,10,210,,0.01,2.373,/blog-page/buffalo-hump-vs-dowagers-hump-whats-the-difference,,NEW
hunchback neck,6,70,0.12,0.19,2.366,/blog-page/how-to-fix-neck-humps-a-biomechanical-approach,,NEW
subscapularis pain,11,260,,0.01,2.366,/blog-page/subscapularis-tendinosis-the-actual-cause-and-solution,12,-5
posture neck hump,5,50,,0.71,2.345,/blog-page/how-to-get-rid-of-a-neck-hump,9,0
posture specialist,5,50,3.28,0.36,2.345,/correct-posture,29,+20
posture training,5,50,0.76,0.66,2.345,/blog-page/posture-workouts-that-actually-work-a-complete-guide,8,-2
tensor fascia lata pain,5,50,,0.01,2.345,/blog-page/why-is-my-tensor-fascia-lata-tfl-always-tight,9,-1
how to fix bulged disc in lower back,7,90,,0.15,2.304,/blog-page/how-to-heal-a-bulging-disc-naturally,83,+72
tensor fascia lata strain,7,90,,0.01,2.304,/blog-page/why-is-my-tensor-fascia-lata-tfl-always-tight,8,-3
tfl strain,7,90,,0.01,2.304,/blog-page/why-is-my-tensor-fascia-lata-tfl-always-tight,11,-1
functional patterns perth,13,390,,0.02,2.301,/,,NEW
hips hurt after running,22,1000,0.57,0.05,2.2,/blog-page/stop-hip-flexor-soreness-after-running-in-3-steps,55,+28
posture assessments,8,110,7.15,0.04,2.167,/blog-page/the-top-assessment-tool-for-chronic-pain-amp-posture-correction-a-comprehensive-guide,,NEW
exercise for hypermobility,9,140,,0.01,2.1,/blog-page/what-are-hypermobile-joints-hypermobility-exercises-to-help,33,+19
exercises for hypermobility,9,140,,0.01,2.1,/blog-page/what-are-hypermobile-joints-hypermobility-exercises-to-help,14,+2
hips pain after running,25,1000,0.57,0.05,2.1,/blog-page/stop-hip-flexor-soreness-after-running-in-3-steps,,NEW
posture and exercise,59,1000,0.47,0.13,2.1,/blog-page/why-most-posture-exercises-dont-work-amp-what-actually-does,,NEW
posture exercises,34,1000,0.47,0.13,2.1,/blog-page/posture-workouts-that-actually-work-a-complete-guide,,NEW
fascia lata,16,480,,0,2.064,/blog-page/why-is-my-tensor-fascia-lata-tfl-always-tight,26,+5
knee brace to prevent hyperextension,5,40,0.66,1,1.876,/blog-page/why-a-knee-hyperextension-brace-is-not-the-answer,4,-3
posture corrector hunchback,5,40,1.21,1,1.876,/blog-page/do-kyphosis-hunch-back-posture-correctors-really-work,3,-4
stretches to fix posture,5,40,0.23,0.21,1.876,/blog-page/posture-workouts-that-actually-work-a-complete-guide,,NEW
bad posture,60,880,0.1,0.03,1.848,/blog-page/why-most-posture-exercises-dont-work-amp-what-actually-does,,NEW
exercises to improve posture,36,880,0.43,0.2,1.848,/blog-page/posture-workouts-that-actually-work-a-complete-guide,,NEW
posture correction exercises,36,880,0.43,0.2,1.848,/blog-page/posture-workouts-that-actually-work-a-complete-guide,46,+3
the movement standard,67,880,5.03,0.03,1.848,/,,NEW
kinesthetically intelligent,7,70,,0,1.792,/blog-page/rediscovering-kinesthetic-intelligence-a-lost-dimension-of-learning,12,+2
scapula alata exercises,14,320,,0.01,1.792,/blog-page/how-to-fix-scapular-winging-typical-exercises-dont-work,,NEW
hips sore from running,8,90,2.73,0.05,1.773,/blog-page/stop-hip-flexor-soreness-after-running-in-3-steps,47,+33
hyperextended leg,8,90,,0,1.773,/blog-page/exercises-for-hyperextended-knees-a-guide-to-strength,15,+4
rotation of knee,8,90,,0,1.773,/blog-page/why-your-knees-always-hurt-hip-rotation-gait-cycle-and-knee-pain,19,+7
scapular winging treatment,8,90,,0.01,1.773,/blog-page/how-to-fix-scapular-winging-typical-exercises-dont-work,16,+4
coordinated fitness,17,390,3.38,0.04,1.677,/,55,+36
sore hip flexor,16,390,0.86,0.08,1.677,/blog-page/stop-hip-flexor-soreness-after-running-in-3-steps,18,-5
functional joint,9,110,,0.06,1.65,/joint-pain,18,+5
functional movement training centre,10,140,,0.04,1.582,/,14,+1
functional patterns sunshine coast,12,210,,0.05,1.575,/chronicpainexperts,8,-7
scapula winging test,11,170,,0.01,1.547,/blog-page/how-to-fix-scapular-winging-typical-exercises-dont-work,34,+18
boxing brisbane,52,720,3.19,0.3,1.512,/boxing-for-balance,,NEW
functional patterns sydney,46,720,0.14,0.05,1.512,/functionalpatternsmethod,,NEW
tfl muscle pain,41,720,1.23,0.01,1.512,/blog-page/why-is-my-tensor-fascia-lata-tfl-always-tight,29,-22
tfl pain,49,720,1.23,0.01,1.512,/blog-page/why-is-my-tensor-fascia-lata-tfl-always-tight,21,-41
what chronic pain syndrome,33,720,,0.02,1.512,/blog-page/what-is-chronic-pain-syndrome,,NEW
poor posture,14,260,0.18,0.02,1.456,/blog-page/understanding-poor-posture-a-comprehensive-guide,11,-8
anytime fitness woolloongabba,8,70,4.62,0.33,1.379,/blog-page/why-functional-patterns-is-the-best-gym-in-east-brisbane,,NEW
posture before and after,6,40,,0,1.352,/blog-page/posture-workouts-that-actually-work-a-complete-guide,,NEW
backache when standing,9,90,0.09,0.01,1.35,/blog-page/read-this-if-your-lower-back-hurts-when-walking-or-standing,21,+9
hyperextension legs,9,90,,0,1.35,/blog-page/exercises-for-hyperextended-knees-a-guide-to-strength,16,+4
shoulder blades stick out,9,90,,0,1.35,/blog-page/how-to-fix-scapular-winging-typical-exercises-dont-work,,NEW
posture specialists,7,50,3.28,0.36,1.28,/correct-posture,24,+13
rounded shoulders stretches,7,50,,0,1.28,/blog-page/why-your-rounded-shoulders-keep-coming-back-and-what-to-do-instead,7,-4
what is tfl,7,50,,0,1.28,/blog-page/why-is-my-tensor-fascia-lata-tfl-always-tight,16,+4
scapular winging test,12,170,,0,1.275,/blog-page/how-to-fix-scapular-winging-typical-exercises-dont-work,16,-1
winged scapula test,12,170,,0,1.275,/blog-page/how-to-fix-scapular-winging-typical-exercises-dont-work,21,+4
posture fixing exercises,10,110,0.28,0.88,1.243,/blog-page/posture-workouts-that-actually-work-a-complete-guide,,NEW
edge functional training,43,590,,0.03,1.239,/,,NEW
hip pain in runners,42,590,0.08,0.04,1.239,/blog-page/stop-hip-flexor-soreness-after-running-in-3-steps,72,+22
pain hip joint running,45,590,0.08,0.04,1.239,/blog-page/stop-hip-flexor-soreness-after-running-in-3-steps,95,+43
subscapularis muscle tear,39,590,,0,1.239,/blog-page/subscapularis-tendinosis-the-actual-cause-and-solution,58,+7
hunchback brace,14,210,0.84,1,1.176,/blog-page/do-kyphosis-hunch-back-posture-correctors-really-work,26,+6
fasciae latae,20,480,,0,1.152,/blog-page/why-is-my-tensor-fascia-lata-tfl-always-tight,28,+1
hypermobile knees,17,260,,0.01,1.118,/blog-page/what-are-hypermobile-joints-hypermobility-exercises-to-help,18,-4
lordosis or kyphosis,15,210,,0,1.071,/blog-page/how-to-fix-a-kyphosis-and-lordosis-naturally,22,+2
functional 45,19,390,2.37,0.12,1.053,/,,NEW
dowager hump treatment,9,70,1.77,0.96,1.05,/blog-page/how-to-get-rid-of-a-neck-hump,14,0
exercises for joint hypermobility,12,140,,0.01,1.05,/blog-page/what-are-hypermobile-joints-hypermobility-exercises-to-help,10,-6
hip flexors sore,9,70,1.96,0.02,1.05,/blog-page/stop-hip-flexor-soreness-after-running-in-3-steps,17,+3
hyperextension knee recovery,12,140,3.48,0.07,1.05,/blog-page/exercises-for-hyperextended-knees-a-guide-to-strength,21,+4
kinesthetic intelligence,9,70,,0,1.05,/blog-page/rediscovering-kinesthetic-intelligence-a-lost-dimension-of-learning,15,+3
shoulder rolls forward,9,70,,0.01,1.05,/blog-page/why-your-rounded-shoulders-keep-coming-back-and-what-to-do-instead,10,-4
sore back from bad posture,10,90,2.99,0.37,1.017,/blog-page/why-your-back-hurts-from-poor-posture-amp-how-to-fix-it,16,0
hyper flexibility,43,480,0.63,0.03,1.008,/blog-page/what-are-hypermobile-joints-hypermobility-exercises-to-help,52,0
brisbane posture and performance,11,110,,0.08,1.001,/correct-posture,14,+1
shoulders slumped,8,50,,0,0.985,/blog-page/does-pulling-your-shoulder-back-make-your-posture-better-or-worse,,NEW
winging scapula test,14,170,,0,0.952,/blog-page/how-to-fix-scapular-winging-typical-exercises-dont-work,51,+33
test for scapular winging,15,170,,0,0.867,/blog-page/how-to-fix-scapular-winging-typical-exercises-dont-work,28,+6
posture work,12,110,5.9,0.01,0.825,/blog-page/why-most-posture-exercises-dont-work-amp-what-actually-does,,NEW
back pain while standing,11,90,0.09,0.01,0.819,/blog-page/read-this-if-your-lower-back-hurts-when-walking-or-standing,14,-2
how to fix a bulging disk,27,390,2.05,0.09,0.819,/blog-page/how-to-heal-a-bulging-disc-naturally,40,+6
improve posture exercises,11,90,0.67,0.19,0.819,/blog-page/posture-workouts-that-actually-work-a-complete-guide,,NEW
injury from hyperextended knee,53,390,0.96,0.02,0.819,/blog-page/exercises-for-hyperextended-knees-a-guide-to-strength,83,+20
movement improvement brisbane,33,390,3.28,0.06,0.819,/,52,+15
best exercise to correct posture,10,70,1.67,0.2,0.791,/blog-page/posture-workouts-that-actually-work-a-complete-guide,,NEW
kinaesthetic intelligence,10,70,,0,0.791,/blog-page/rediscovering-kinesthetic-intelligence-a-lost-dimension-of-learning,10,-4
lower back pain when standing up,10,70,0.02,0.03,0.791,/blog-page/read-this-if-your-lower-back-hurts-when-walking-or-standing,,NEW
tfl function,10,70,,0,0.791,/blog-page/why-is-my-tensor-fascia-lata-tfl-always-tight,18,+3
transverse abdominis function,10,70,,0,0.791,/blog-page/the-transverse-abdominis-tva-vs-the-superficial-abs-6-pack-why-its-crucial-to-know-the-difference,15,0
gait for running,16,170,,0.02,0.731,/blog-page/running-gait-analysis-in-brisbane-get-to-the-root-of-your-injuries-and-inefficiencies,41,+20
knee hyperflexion,15,140,,0,0.714,/blog-page/exercises-for-hyperextended-knees-a-guide-to-strength,54,+34
hypermobility in knees,19,260,,0.01,0.702,/blog-page/what-are-hypermobile-joints-hypermobility-exercises-to-help,66,+41
hunchback back brace,18,210,0.84,1,0.693,/blog-page/do-kyphosis-hunch-back-posture-correctors-really-work,,NEW
winging of scapula treatment,12,90,,0.01,0.675,/blog-page/how-to-fix-scapular-winging-typical-exercises-dont-work,15,-3
kyphosis cure,48,320,1.03,0.19,0.672,/blog-page/how-to-fix-a-kyphosis-and-lordosis-naturally,49,-11
protracted shoulder,81,320,2.39,0.03,0.672,/blog-page/why-your-rounded-shoulders-keep-coming-back-and-what-to-do-instead,94,+1
protracted shoulders,63,320,2.39,0.03,0.672,/blog-page/why-your-rounded-shoulders-keep-coming-back-and-what-to-do-instead,77,+4
posture alignment,11,70,2.49,0.74,0.637,/correct-posture,20,+4
tfl injury,11,70,,0,0.637,/blog-page/why-is-my-tensor-fascia-lata-tfl-always-tight,70,+54
posture improvement,20,260,1.74,0.98,0.624,/correct-posture,,NEW
ab coning,14,110,,0,0.616,/diastasis-recti-coning,17,-3
muscle ache under shoulder blade,14,110,2.59,0.04,0.616,/blog-page/how-to-stop-pain-beneath-shoulder-blade,,NEW
muscle under shoulder blade pain,14,110,2.59,0.04,0.616,/blog-page/how-to-stop-pain-beneath-shoulder-blade,,NEW
east brisbane gym,16,140,2.01,0.59,0.602,/blog-page/why-functional-patterns-is-the-best-gym-in-east-brisbane,26,+6
gym east brisbane,17,140,2.01,0.59,0.602,/blog-page/why-functional-patterns-is-the-best-gym-in-east-brisbane,23,+2
hyperextended knee recovery,16,140,3.48,0.07,0.602,/blog-page/exercises-for-hyperextended-knees-a-guide-to-strength,66,+44
kyphosis or lordosis,19,210,,0,0.567,/blog-page/how-to-fix-a-kyphosis-and-lordosis-naturally,29,+6
how to fix curved spine,10,50,1.09,0.06,0.565,/blog-page/can-you-naturally-straighten-scoliosis,44,+28
posture correction near me,10,50,2.33,0.28,0.565,/correct-posture,,NEW
boxing class brisbane,50,260,3.02,0.53,0.546,/boxing-for-balance,,NEW
exercises for protruding disc in lower back,47,260,2.19,0.22,0.546,/blog-page/how-to-heal-a-bulging-disc-naturally,,NEW
functional fitness australia,49,260,3.27,0.1,0.546,/,,NEW
how to fix my posture,49,260,1.89,0.83,0.546,/blog-page/why-most-posture-exercises-dont-work-amp-what-actually-does,,NEW
is walking good for lower back pain,76,260,0.99,0.09,0.546,/blog-page/read-this-if-your-lower-back-hurts-when-walking-or-standing,,NEW
joint hypermobility knees,25,260,,0.01,0.546,/blog-page/what-are-hypermobile-joints-hypermobility-exercises-to-help,34,+1
pain 2 performance,43,260,0.12,0.11,0.546,/chronicpainexperts,62,+19
pain bulging disc,24,260,0.73,0.03,0.546,/blog-page/how-to-heal-a-bulging-disc-naturally,22,-9
posture corrector good,59,260,1.24,1,0.546,/blog-page/do-kyphosis-hunch-back-posture-correctors-really-work,84,+15
scapula exercises,23,260,0.05,0.01,0.546,/blog-page/how-to-fix-scapular-winging-typical-exercises-dont-work,31,+1
scapular exercises,39,260,0.05,0.01,0.546,/blog-page/how-to-fix-scapular-winging-typical-exercises-dont-work,,NEW
back ache when standing,13,90,0.09,0.01,0.531,/blog-page/read-this-if-your-lower-back-hurts-when-walking-or-standing,20,+3
dowager's hump treatment,12,70,1.77,0.96,0.525,/blog-page/how-to-get-rid-of-a-neck-hump,15,-2
fascial adhesions,12,70,,0,0.525,/blog-page/unlocking-relief-the-fascinating-connection-between-fascial-health-and-ehlers-danlos-syndrome,25,+10
fp wellness,12,70,,0.03,0.525,/fpfundamentalsclass,18,+5
hip running,14,90,,0.02,0.504,/blog-page/stop-hip-flexor-soreness-after-running-in-3-steps,25,+5
winging of scapula causes,16,110,,0,0.473,/blog-page/how-to-fix-scapular-winging-typical-exercises-dont-work,60,+40
gait running,19,170,,0.02,0.459,/blog-page/running-gait-analysis-in-brisbane-get-to-the-root-of-your-injuries-and-inefficiencies,60,+35
neck hump causes,15,90,,0.07,0.459,/blog-page/how-to-get-rid-of-a-neck-hump,20,-2
running gait,19,170,,0.02,0.459,/blog-page/running-gait-analysis-in-brisbane-get-to-the-root-of-your-injuries-and-inefficiencies,66,+39
tensor fasciae latae strain,15,90,,0.01,0.459,/blog-page/why-is-my-tensor-fascia-lata-tfl-always-tight,39,+18
tfl release,19,170,,0,0.459,/blog-page/why-is-my-tensor-fascia-lata-tfl-always-tight,27,+2
lower back pain standing too long,11,50,0.02,0.04,0.455,/blog-page/read-this-if-your-lower-back-hurts-when-walking-or-standing,18,+3
poor posture neck hump,11,50,,0.71,0.455,/blog-page/how-to-fix-neck-humps-a-biomechanical-approach,,NEW
tfl pain relief,11,50,1.55,0.04,0.455,/blog-page/why-is-my-tensor-fascia-lata-tfl-always-tight,,NEW
what is dowager's hump,11,50,,0.01,0.455,/blog-page/buffalo-hump-vs-dowagers-hump-whats-the-difference,,NEW
activating glutes,46,210,0.07,0.04,0.441,/blog-page/the-key-to-achieving-maximum-glute-activation,,NEW
gait test running,38,210,3.36,0.14,0.441,/blog-page/running-gait-analysis-in-brisbane-get-to-the-root-of-your-injuries-and-inefficiencies,15,-30
how to cure bulge disc,29,210,0.75,0.16,0.441,/blog-page/how-to-heal-a-bulging-disc-naturally,43,+6
how to fix posture permanently,30,210,0.73,0.99,0.441,/blog-page/why-most-posture-exercises-dont-work-amp-what-actually-does,,NEW
how to permanently fix posture,38,210,0.73,0.99,0.441,/blog-page/why-most-posture-exercises-dont-work-amp-what-actually-does,,NEW
hypermobility legs,34,210,,0.02,0.441,/blog-page/what-are-hypermobile-joints-hypermobility-exercises-to-help,39,-4
posture doctor,37,210,1.27,1,0.441,/correct-posture,37,-6
shape up boxing,43,210,0.19,0.03,0.441,/boxing-for-balance,,NEW
back shoulder,13,70,,0,0.413,/blog-page/does-pulling-your-shoulder-back-make-your-posture-better-or-worse,10,-9
elbow hypermobility,20,170,,0,0.408,/blog-page/what-are-hypermobile-joints-hypermobility-exercises-to-help,,NEW
hypermobile spine,12,50,,0,0.375,/blog-page/what-are-hypermobile-joints-hypermobility-exercises-to-help,23,+7
neck hump treatment,12,50,2.06,0.98,0.375,/blog-page/how-to-get-rid-of-a-neck-hump,11,-8
shoulder wings,12,50,,0.07,0.375,/blog-page/why-your-scapulars-stick-out-winged-scapulars-the-thoracic-spine,,NEW
tensor fasciae latae function,12,50,,0,0.375,/blog-page/why-is-my-tensor-fascia-lata-tfl-always-tight,15,-3
double jointed knees,63,170,,0,0.357,/blog-page/what-are-hypermobile-joints-hypermobility-exercises-to-help,,NEW
gait analysis running near me,15,70,2.11,0.33,0.357,/blog-page/running-gait-analysis-in-brisbane-get-to-the-root-of-your-injuries-and-inefficiencies,,NEW
how to activate glutes muscles,69,170,0.02,0.03,0.357,/blog-page/the-key-to-achieving-maximum-glute-activation,77,-4
hypermobility vs normal,80,170,,0.02,0.357,/blog-page/what-are-hypermobile-joints-hypermobility-exercises-to-help,,NEW
runners gait,30,170,,0.02,0.357,/blog-page/running-gait-analysis-in-brisbane-get-to-the-root-of-your-injuries-and-inefficiencies,,NEW
shoulders and back,15,70,,0,0.357,/blog-page/does-pulling-your-shoulder-back-make-your-posture-better-or-worse,55,+33
tensor fascia lata release,31,170,,0,0.357,/blog-page/why-is-my-tensor-fascia-lata-tfl-always-tight,31,-8
winging of scapula test,24,170,,0,0.357,/blog-page/how-to-fix-scapular-winging-typical-exercises-dont-work,42,+11
posture near me,10,30,3.94,0.35,0.339,/correct-posture,39,+24
exercising with hypermobility,20,140,,0.01,0.336,/blog-page/what-are-hypermobile-joints-hypermobility-exercises-to-help,29,+3
hypermobility and exercise,20,140,,0.01,0.336,/blog-page/what-are-hypermobile-joints-hypermobility-exercises-to-help,39,+13
bad back when walking,22,140,,0.02,0.308,/blog-page/read-this-if-your-lower-back-hurts-when-walking-or-standing,,NEW
hip flexor sore,16,70,1.96,0.02,0.301,/blog-page/stop-hip-flexor-soreness-after-running-in-3-steps,21,0
hypermobility vs hyperflexibility,12,40,,0,0.3,/blog-page/what-are-hypermobile-joints-hypermobility-exercises-to-help,15,-2
hypermobile back,13,50,,0,0.295,/blog-page/what-are-hypermobile-joints-hypermobility-exercises-to-help,82,+64
postural specialist,13,50,3.28,0.36,0.295,/correct-posture,34,+16
what is a hyperextended knee,13,50,,0,0.295,/blog-page/exercises-for-hyperextended-knees-a-guide-to-strength,15,-3
box fit class,70,140,1.75,0.24,0.294,/boxing-for-balance,,NEW
boxfit classes,94,140,1.75,0.24,0.294,/boxing-for-balance,,NEW
can a bulged disc repair itself,26,140,,0.01,0.294,/blog-page/how-to-heal-a-bulging-disc-naturally,38,+6
functional fit,54,140,,0.03,0.294,/,,NEW
hyperextended knee recovery time,60,140,2.05,0.02,0.294,/blog-page/exercises-for-hyperextended-knees-a-guide-to-strength,,NEW
hypermobility exercises,24,140,,0.01,0.294,/blog-page/training-to-strengthen-ehlers-danlos-syndrome-eds-joints,,NEW
hypermobility feet,92,140,,0,0.294,/blog-page/what-are-hypermobile-joints-hypermobility-exercises-to-help,,NEW
perfectly human,58,140,,0,0.294,/chronicpainexperts,65,+5
tensor fascia lata tendinopathy,37,140,,0,0.294,/blog-page/why-is-my-tensor-fascia-lata-tfl-always-tight,36,-11
tfl tendinopathy,37,140,,0,0.294,/blog-page/why-is-my-tensor-fascia-lata-tfl-always-tight,67,+19
workout to fix posture,62,140,3.96,0.12,0.294,/blog-page/posture-workouts-that-actually-work-a-complete-guide,,NEW
exercises to fix rounded shoulders,14,50,,0.01,0.28,/blog-page/why-your-rounded-shoulders-keep-coming-back-and-what-to-do-instead,17,-3
sore back from standing too long,14,50,,0,0.28,/blog-page/read-this-if-your-lower-back-hurts-when-walking-or-standing,,NEW
worst posture,14,50,,0,0.28,/blog-page/the-5-worst-things-for-posture,6,-14
functional patterns newcastle,20,110,,0.03,0.264,/private-health-deal,,NEW
scapular winging causes,20,110,,0,0.264,/blog-page/how-to-fix-scapular-winging-typical-exercises-dont-work,18,-9
hurt hip while running,19,90,2.73,0.05,0.243,/blog-page/stop-hip-flexor-soreness-after-running-in-3-steps,52,+27
inflammation of fascia is known as,22,110,,0.02,0.242,/blog-page/the-role-of-fascia-in-chronic-pain-pathways-mechanisms-and-functional-patterns,,NEW
double jointed arms,43,110,,0,0.231,/blog-page/understanding-double-jointed-shoulders-and-chronic-pain,,NEW
double-jointed arms,83,110,,0,0.231,/blog-page/understanding-double-jointed-shoulders-and-chronic-pain,85,-13
fascia remedy,68,110,0.06,0.02,0.231,/fascia,,NEW
fascia tissue,52,110,,0.02,0.231,/fascia,,NEW
female hip flexor pain,57,110,,0.12,0.231,/blog-page/stop-hip-flexor-soreness-after-running-in-3-steps,,NEW
functional therapies,24,110,1.63,0.09,0.231,/,,NEW
piriformis exercises strengthen muscle,61,110,0.05,0.02,0.231,/blog-page/piriformis-syndrome-exercises-that-actually-work,101,+27
piriformis strengthening,25,110,,0.01,0.231,/blog-page/piriformis-syndrome-exercises-that-actually-work,50,+18
posture works,41,110,5.9,0.01,0.231,/correct-posture,77,+34
tensor fasciae latae muscle action,44,110,,0,0.231,/blog-page/why-is-my-tensor-fascia-lata-tfl-always-tight,61,+7
tfl trigger point,42,110,,0,0.231,/blog-page/why-is-my-tensor-fascia-lata-tfl-always-tight,,NEW
tfl trigger points,26,110,,0,0.231,/blog-page/why-is-my-tensor-fascia-lata-tfl-always-tight,45,+9
winged scapula causes,28,110,,0,0.231,/blog-page/how-to-fix-scapular-winging-typical-exercises-dont-work,,NEW
subscapularis referral pattern,12,30,,0,0.225,/blog-page/subscapularis-tendinosis-the-actual-cause-and-solution,,NEW
how to relieve back pain from standing too long,16,50,1.12,0.22,0.215,/blog-page/read-this-if-your-lower-back-hurts-when-walking-or-standing,25,+5
back pain poor posture,21,90,2.99,0.37,0.207,/blog-page/why-your-back-hurts-from-poor-posture-amp-how-to-fix-it,19,-9
double jointed hips,25,90,,0.01,0.189,/blog-page/what-are-hypermobile-joints-hypermobility-exercises-to-help,,NEW
exercises for scheuermann's kyphosis,45,90,,0.01,0.189,/blog-page/how-to-fix-a-kyphosis-and-lordosis-naturally,,NEW
fascia system,35,90,,0,0.189,/fascia,,NEW
foundations gym,36,90,3.31,0.04,0.189,/fp-human-foundations-course,45,+5
functional fit class,27,90,1.65,0.05,0.189,/fpfundamentalsclass,,NEW
functional fitness class,28,90,1.65,0.05,0.189,/fpfundamentalsclass,,NEW
functional fitness classes,34,90,1.65,0.05,0.189,/fpfundamentalsclass,,NEW
functional for life,32,90,2.57,0.06,0.189,/,,NEW
functional training gym,31,90,4.26,0.12,0.189,/,61,+22
hip injury running,39,90,0.28,0.13,0.189,/blog-page/stop-hip-flexor-soreness-after-running-in-3-steps,89,+41
hyperextensions legs,73,90,,0,0.189,/blog-page/why-a-knee-hyperextension-brace-is-not-the-answer,,NEW
physio posture corrector,19,70,2.12,0.79,0.189,/correct-posture,24,+3
posture corrector exercise,44,90,0.03,0.08,0.189,/blog-page/posture-workouts-that-actually-work-a-complete-guide,,NEW
running analysis,35,90,4.22,0.12,0.189,/blog-page/running-gait-analysis-in-brisbane-get-to-the-root-of-your-injuries-and-inefficiencies,,NEW
running injury hip,42,90,0.28,0.13,0.189,/blog-page/stop-hip-flexor-soreness-after-running-in-3-steps,71,+19
tensor fascia lata syndrome,50,90,,0,0.189,/blog-page/why-is-my-tensor-fascia-lata-tfl-always-tight,93,+34
tfl syndrome,47,90,,0,0.189,/blog-page/why-is-my-tensor-fascia-lata-tfl-always-tight,107,+49
what causes scapular winging,19,70,,0,0.189,/blog-page/how-to-fix-scapular-winging-typical-exercises-dont-work,20,-5
how to break up fascial adhesions at home,16,40,,0,0.172,/blog-page/why-i-stopped-fascia-blasting-amp-fascia-stretching,49,+29
what causes winging of the scapula,21,70,,0,0.161,/blog-page/how-to-fix-scapular-winging-typical-exercises-dont-work,48,+21
best exercise for posture correction,31,70,1.67,0.2,0.147,/blog-page/posture-workouts-that-actually-work-a-complete-guide,51,+11
deep front line,26,70,,0,0.147,/blog-page/the-superficial-front-line,49,+17
exercises for bad posture,43,70,0.64,0.32,0.147,/blog-page/posture-workouts-that-actually-work-a-complete-guide,,NEW
exercises for poor posture,40,70,0.64,0.32,0.147,/blog-page/posture-workouts-that-actually-work-a-complete-guide,,NEW
hip joint pain after workout,23,70,,0.01,0.147,/blog-page/stop-hip-flexor-soreness-after-running-in-3-steps,110,+80
hyperextended knee: symptoms,44,70,,0,0.147,/blog-page/exercises-for-hyperextended-knees-a-guide-to-strength,,NEW
hypermobility and pain,50,70,0.18,0.03,0.147,/blog-page/what-are-hypermobile-joints-hypermobility-exercises-to-help,,NEW
kyphosis self care,32,70,,,0.147,/blog-page/how-to-fix-a-kyphosis-and-lordosis-naturally,9,-31
kyphosis self-care,33,70,,,0.147,/blog-page/how-to-fix-a-kyphosis-and-lordosis-naturally,9,-31
naudi aguilar,34,70,,0,0.147,/chronicpainexperts,,NEW
shape up boxing and fitness,32,70,,0,0.147,/boxing-for-balance,,NEW
tfl insertion,56,70,,0,0.147,/blog-page/why-is-my-tensor-fascia-lata-tfl-always-tight,,NEW
how to fix a curved spine,19,50,1.09,0.06,0.135,/blog-page/can-you-naturally-straighten-scoliosis,16,-10
how to fix hip flexor pain,19,50,0.9,0.08,0.135,/blog-page/stop-hip-flexor-soreness-after-running-in-3-steps,25,0
hypermobile lower back,19,50,,0,0.135,/blog-page/what-are-hypermobile-joints-hypermobility-exercises-to-help,30,+4
how to fix spinal curvature,21,50,1.09,0.06,0.115,/blog-page/can-you-naturally-straighten-scoliosis,,NEW
hypermobile knees pain,21,50,,0.01,0.115,/blog-page/what-are-hypermobile-joints-hypermobility-exercises-to-help,47,+18
protruding shoulder blades,22,50,,0,0.11,/blog-page/how-to-fix-scapular-winging-typical-exercises-dont-work,16,-14
how to get round shoulders,37,50,,0,0.105,/blog-page/why-your-rounded-shoulders-keep-coming-back-and-what-to-do-instead,51,+6
how to get rounded shoulders,43,50,,0,0.105,/blog-page/why-your-rounded-shoulders-keep-coming-back-and-what-to-do-instead,15,-37
how to relieve hip flexor pain,30,50,7.14,0.12,0.105,/blog-page/stop-hip-flexor-soreness-after-running-in-3-steps,,NEW
hypermobile knee pain,57,50,,0.01,0.105,/blog-page/what-are-hypermobile-joints-hypermobility-exercises-to-help,52,-18
hypermobility back,86,50,,0,0.105,/blog-page/what-are-hypermobile-joints-hypermobility-exercises-to-help,83,-18
mobility training near me,39,50,3.44,0.6,0.105,/,44,-2
person with hunchback,27,50,,0,0.105,/blog-page/do-kyphosis-hunch-back-posture-correctors-really-work,,NEW
postural therapy,40,50,2.27,0.24,0.105,/correct-posture,105,+53
posture exercises shoulders,57,50,,0.02,0.105,/blog-page/why-your-rounded-shoulders-keep-coming-back-and-what-to-do-instead,,NEW
posture therapist,39,50,2.27,0.24,0.105,/correct-posture,53,+4
posture therapy,37,50,2.27,0.24,0.105,/correct-posture,53,+3
protruding shoulder blade,23,50,,0,0.105,/blog-page/how-to-fix-scapular-winging-typical-exercises-dont-work,36,+5
rolling shoulders,23,50,,0,0.105,/blog-page/why-your-rounded-shoulders-keep-coming-back-and-what-to-do-instead,28,-3
scapula protrusion,62,50,,0,0.105,/blog-page/how-to-fix-scapular-winging-typical-exercises-dont-work,,NEW
scapular winging nerve,72,50,,0,0.105,/blog-page/how-to-fix-scapular-winging-typical-exercises-dont-work,,NEW
strength training brisbane,31,50,2.6,0.76,0.105,/,107,+66
why does my lower back hurt when i walk,39,50,,0.11,0.105,/blog-page/read-this-if-your-lower-back-hurts-when-walking-or-standing,81,+34
winging scapula nerve,57,50,,0,0.105,/blog-page/how-to-fix-scapular-winging-typical-exercises-dont-work,,NEW
myofascial lines,39,40,,0,0.084,/blog-page/the-superficial-front-line,8,-41
naturally hyperextended elbow,89,40,,0,0.084,/blog-page/exercises-for-hyperextended-knees-a-guide-to-strength,96,-6
slip disk treatment at home,66,40,,0.2,0.084,/blog-page/how-to-heal-a-bulging-disc-naturally,88,+11
stretch to fix posture,56,40,0.23,0.21,0.084,/blog-page/posture-workouts-that-actually-work-a-complete-guide,,NEW
tensor fasciae latae stretches,49,40,,0,0.084,/blog-page/why-is-my-tensor-fascia-lata-tfl-always-tight,,NEW
pillow to get rid of neck hump,47,30,0.8,1,0.063,/blog-page/how-to-get-rid-of-a-neck-hump,,NEW
the good joint burleigh chiro physio osteo remedial massage,23,10,,,0.021,/chronicpainexperts,,NEW
